Date,Hour,Import Grid (EUR/kWh)
2023-04-24 00:00:00,00:00,0.0877
2023-04-24 00:00:00,01:00,0.08358
2023-04-24 00:00:00,02:00,0.08209
2023-04-24 00:00:00,03:00,0.0764
2023-04-24 00:00:00,04:00,0.07508
2023-04-24 00:00:00,05:00,0.08655
2023-04-24 00:00:00,06:00,0.1146
2023-04-24 00:00:00,07:00,0.1338
2023-04-24 00:00:00,08:00,0.135
2023-04-24 00:00:00,09:00,0.12692
2023-04-24 00:00:00,10:00,0.11081
2023-04-24 00:00:00,11:00,0.10801
2023-04-24 00:00:00,12:00,0.0980699999999999
2023-04-24 00:00:00,13:00,0.0949
2023-04-24 00:00:00,14:00,0.08699
2023-04-24 00:00:00,15:00,0.0849
2023-04-24 00:00:00,16:00,0.08621
2023-04-24 00:00:00,17:00,0.0978
2023-04-24 00:00:00,18:00,0.11741
2023-04-24 00:00:00,19:00,0.13457
2023-04-24 00:00:00,20:00,0.13597
2023-04-24 00:00:00,21:00,0.12906
2023-04-24 00:00:00,22:00,0.1108
2023-04-24 00:00:00,23:00,0.1009
2023-04-25 00:00:00,00:00,0.1
2023-04-25 00:00:00,01:00,0.0986
2023-04-25 00:00:00,02:00,0.0993
2023-04-25 00:00:00,03:00,0.09212
2023-04-25 00:00:00,04:00,0.0917999999999999
2023-04-25 00:00:00,05:00,0.09736
2023-04-25 00:00:00,06:00,0.1216
2023-04-25 00:00:00,07:00,0.1341
2023-04-25 00:00:00,08:00,0.13493
2023-04-25 00:00:00,09:00,0.0991
2023-04-25 00:00:00,10:00,0.07562
2023-04-25 00:00:00,11:00,0.06428
2023-04-25 00:00:00,12:00,0.0349
2023-04-25 00:00:00,13:00,0.0249
2023-04-25 00:00:00,14:00,0.01388
2023-04-25 00:00:00,15:00,0.01424
2023-04-25 00:00:00,16:00,0.0501
2023-04-25 00:00:00,17:00,0.06841
2023-04-25 00:00:00,18:00,0.09196
2023-04-25 00:00:00,19:00,0.12703
2023-04-25 00:00:00,20:00,0.14416
2023-04-25 00:00:00,21:00,0.14198
2023-04-25 00:00:00,22:00,0.135
2023-04-25 00:00:00,23:00,0.12797
2023-04-26 00:00:00,00:00,0.0985
2023-04-26 00:00:00,01:00,0.0901
2023-04-26 00:00:00,02:00,0.095
2023-04-26 00:00:00,03:00,0.0924899999999999
2023-04-26 00:00:00,04:00,0.09333
2023-04-26 00:00:00,05:00,0.0992
2023-04-26 00:00:00,06:00,0.12516
2023-04-26 00:00:00,07:00,0.13991
2023-04-26 00:00:00,08:00,0.135
2023-04-26 00:00:00,09:00,0.106
2023-04-26 00:00:00,10:00,0.09823
2023-04-26 00:00:00,11:00,0.0992
2023-04-26 00:00:00,12:00,0.09003
2023-04-26 00:00:00,13:00,0.09454
2023-04-26 00:00:00,14:00,0.088
2023-04-26 00:00:00,15:00,0.0928499999999999
2023-04-26 00:00:00,16:00,0.0982
2023-04-26 00:00:00,17:00,0.11
2023-04-26 00:00:00,18:00,0.12508
2023-04-26 00:00:00,19:00,0.14811
2023-04-26 00:00:00,20:00,0.15497
2023-04-26 00:00:00,21:00,0.14603
2023-04-26 00:00:00,22:00,0.12442
2023-04-26 00:00:00,23:00,0.1205799999999999
2023-04-27 00:00:00,00:00,0.10712
2023-04-27 00:00:00,01:00,0.10047
2023-04-27 00:00:00,02:00,0.09792
2023-04-27 00:00:00,03:00,0.0964
2023-04-27 00:00:00,04:00,0.09737
2023-04-27 00:00:00,05:00,0.10709
2023-04-27 00:00:00,06:00,0.11686
2023-04-27 00:00:00,07:00,0.14275
2023-04-27 00:00:00,08:00,0.13497
2023-04-27 00:00:00,09:00,0.10275
2023-04-27 00:00:00,10:00,0.0906
2023-04-27 00:00:00,11:00,0.045
2023-04-27 00:00:00,12:00,0.0501
2023-04-27 00:00:00,13:00,0.05
2023-04-27 00:00:00,14:00,0.0448999999999999
2023-04-27 00:00:00,15:00,0.06
2023-04-27 00:00:00,16:00,0.07968
2023-04-27 00:00:00,17:00,0.0969
2023-04-27 00:00:00,18:00,0.1092699999999999
2023-04-27 00:00:00,19:00,0.11391
2023-04-27 00:00:00,20:00,0.12
2023-04-27 00:00:00,21:00,0.115
2023-04-27 00:00:00,22:00,0.1038
2023-04-27 00:00:00,23:00,0.0968
2023-04-28 00:00:00,00:00,0.10203
2023-04-28 00:00:00,01:00,0.09297
2023-04-28 00:00:00,02:00,0.09035
2023-04-28 00:00:00,03:00,0.09178
2023-04-28 00:00:00,04:00,0.09282
2023-04-28 00:00:00,05:00,0.0958499999999999
2023-04-28 00:00:00,06:00,0.11325
2023-04-28 00:00:00,07:00,0.12381
2023-04-28 00:00:00,08:00,0.12673
2023-04-28 00:00:00,09:00,0.12063
2023-04-28 00:00:00,10:00,0.11313
2023-04-28 00:00:00,11:00,0.10612
2023-04-28 00:00:00,12:00,0.102
2023-04-28 00:00:00,13:00,0.09304
2023-04-28 00:00:00,14:00,0.09014
2023-04-28 00:00:00,15:00,0.08826
2023-04-28 00:00:00,16:00,0.0906
2023-04-28 00:00:00,17:00,0.09945
2023-04-28 00:00:00,18:00,0.11542
2023-04-28 00:00:00,19:00,0.12004
2023-04-28 00:00:00,20:00,0.12543
2023-04-28 00:00:00,21:00,0.12434
2023-04-28 00:00:00,22:00,0.11671
2023-04-28 00:00:00,23:00,0.10548
2023-04-29 00:00:00,00:00,0.11559
2023-04-29 00:00:00,01:00,0.10856
2023-04-29 00:00:00,02:00,0.1061
2023-04-29 00:00:00,03:00,0.105
2023-04-29 00:00:00,04:00,0.10124
2023-04-29 00:00:00,05:00,0.10275
2023-04-29 00:00:00,06:00,0.10324
2023-04-29 00:00:00,07:00,0.1094
2023-04-29 00:00:00,08:00,0.11564
2023-04-29 00:00:00,09:00,0.10661
2023-04-29 00:00:00,10:00,0.10359
2023-04-29 00:00:00,11:00,0.09287
2023-04-29 00:00:00,12:00,0.08223
2023-04-29 00:00:00,13:00,0.07529
2023-04-29 00:00:00,14:00,0.0662
2023-04-29 00:00:00,15:00,0.06905
2023-04-29 00:00:00,16:00,0.08
2023-04-29 00:00:00,17:00,0.085
2023-04-29 00:00:00,18:00,0.1001
2023-04-29 00:00:00,19:00,0.11818
2023-04-29 00:00:00,20:00,0.11912
2023-04-29 00:00:00,21:00,0.12
2023-04-29 00:00:00,22:00,0.1155699999999999
2023-04-29 00:00:00,23:00,0.11
2023-04-30 00:00:00,00:00,0.09928
2023-04-30 00:00:00,01:00,0.09109
2023-04-30 00:00:00,02:00,0.08838
2023-04-30 00:00:00,03:00,0.0868
2023-04-30 00:00:00,04:00,0.08645
2023-04-30 00:00:00,05:00,0.08827
2023-04-30 00:00:00,06:00,0.08584
2023-04-30 00:00:00,07:00,0.082
2023-04-30 00:00:00,08:00,0.075
2023-04-30 00:00:00,09:00,0.05
2023-04-30 00:00:00,10:00,0.0277
2023-04-30 00:00:00,11:00,-0.04111
2023-04-30 00:00:00,12:00,-0.0996
2023-04-30 00:00:00,13:00,-0.059
2023-04-30 00:00:00,14:00,-0.0349
2023-04-30 00:00:00,15:00,0.00064
2023-04-30 00:00:00,16:00,0.014
2023-04-30 00:00:00,17:00,0.07057
2023-04-30 00:00:00,18:00,0.10596
2023-04-30 00:00:00,19:00,0.11975
2023-04-30 00:00:00,20:00,0.12501
2023-04-30 00:00:00,21:00,0.1222
2023-04-30 00:00:00,22:00,0.11712
2023-04-30 00:00:00,23:00,0.1087099999999999
2023-05-01 00:00:00,00:00,0.1099
2023-05-01 00:00:00,01:00,0.0999
2023-05-01 00:00:00,02:00,0.0954899999999999
2023-05-01 00:00:00,03:00,0.0925
2023-05-01 00:00:00,04:00,0.0885
2023-05-01 00:00:00,05:00,0.088
2023-05-01 00:00:00,06:00,0.0877
2023-05-01 00:00:00,07:00,0.098
2023-05-01 00:00:00,08:00,0.09618
2023-05-01 00:00:00,09:00,0.1012
2023-05-01 00:00:00,10:00,0.0906899999999999
2023-05-01 00:00:00,11:00,0.06799
2023-05-01 00:00:00,12:00,0.05463
2023-05-01 00:00:00,13:00,0.03469
2023-05-01 00:00:00,14:00,0.03
2023-05-01 00:00:00,15:00,0.04119
2023-05-01 00:00:00,16:00,0.07625
2023-05-01 00:00:00,17:00,0.08995
2023-05-01 00:00:00,18:00,0.11386
2023-05-01 00:00:00,19:00,0.12311
2023-05-01 00:00:00,20:00,0.12822
2023-05-01 00:00:00,21:00,0.12172
2023-05-01 00:00:00,22:00,0.1179
2023-05-01 00:00:00,23:00,0.11104
2023-05-02 00:00:00,00:00,0.09848
2023-05-02 00:00:00,01:00,0.0856
2023-05-02 00:00:00,02:00,0.0833
2023-05-02 00:00:00,03:00,0.0809
2023-05-02 00:00:00,04:00,0.08122
2023-05-02 00:00:00,05:00,0.09039
2023-05-02 00:00:00,06:00,0.11106
2023-05-02 00:00:00,07:00,0.12742
2023-05-02 00:00:00,08:00,0.13515
2023-05-02 00:00:00,09:00,0.1229899999999999
2023-05-02 00:00:00,10:00,0.11571
2023-05-02 00:00:00,11:00,0.1089599999999999
2023-05-02 00:00:00,12:00,0.0984599999999999
2023-05-02 00:00:00,13:00,0.09276
2023-05-02 00:00:00,14:00,0.08632
2023-05-02 00:00:00,15:00,0.08197
2023-05-02 00:00:00,16:00,0.0872
2023-05-02 00:00:00,17:00,0.09443
2023-05-02 00:00:00,18:00,0.11738
2023-05-02 00:00:00,19:00,0.13
2023-05-02 00:00:00,20:00,0.14286
2023-05-02 00:00:00,21:00,0.13369
2023-05-02 00:00:00,22:00,0.1240199999999999
2023-05-02 00:00:00,23:00,0.11613
2023-04-23 00:00:00,00:00,0.11087
2023-04-23 00:00:00,01:00,0.09766
2023-04-23 00:00:00,02:00,0.0949899999999999
2023-04-23 00:00:00,03:00,0.0894
2023-04-23 00:00:00,04:00,0.08664
2023-04-23 00:00:00,05:00,0.08877
2023-04-23 00:00:00,06:00,0.0899
2023-04-23 00:00:00,07:00,0.0938199999999999
2023-04-23 00:00:00,08:00,0.0934599999999999
2023-04-23 00:00:00,09:00,0.09038
2023-04-23 00:00:00,10:00,0.07928
2023-04-23 00:00:00,11:00,0.0481599999999999
2023-04-23 00:00:00,12:00,0.03548
2023-04-23 00:00:00,13:00,0.01001
2023-04-23 00:00:00,14:00,0.00488
2023-04-23 00:00:00,15:00,0.03471
2023-04-23 00:00:00,16:00,0.06414
2023-04-23 00:00:00,17:00,0.10026
2023-04-23 00:00:00,18:00,0.12381
2023-04-23 00:00:00,19:00,0.1409
2023-04-23 00:00:00,20:00,0.14036
2023-04-23 00:00:00,21:00,0.12502
2023-04-23 00:00:00,22:00,0.11695
2023-04-23 00:00:00,23:00,0.10965
2023-04-22 00:00:00,00:00,0.1025
2023-04-22 00:00:00,01:00,0.09548
2023-04-22 00:00:00,02:00,0.09634
2023-04-22 00:00:00,03:00,0.09343
2023-04-22 00:00:00,04:00,0.0913799999999999
2023-04-22 00:00:00,05:00,0.09609
2023-04-22 00:00:00,06:00,0.0998199999999999
2023-04-22 00:00:00,07:00,0.10894
2023-04-22 00:00:00,08:00,0.11664
2023-04-22 00:00:00,09:00,0.086
2023-04-22 00:00:00,10:00,0.07467
2023-04-22 00:00:00,11:00,0.04506
2023-04-22 00:00:00,12:00,0.0261999999999999
2023-04-22 00:00:00,13:00,0.016
2023-04-22 00:00:00,14:00,0.06993
2023-04-22 00:00:00,15:00,0.089
2023-04-22 00:00:00,16:00,0.09059
2023-04-22 00:00:00,17:00,0.095
2023-04-22 00:00:00,18:00,0.11297
2023-04-22 00:00:00,19:00,0.1319499999999999
2023-04-22 00:00:00,20:00,0.1305
2023-04-22 00:00:00,21:00,0.127
2023-04-22 00:00:00,22:00,0.12104
2023-04-22 00:00:00,23:00,0.1025
2023-04-21 00:00:00,00:00,0.1049
2023-04-21 00:00:00,01:00,0.09492
2023-04-21 00:00:00,02:00,0.09908
2023-04-21 00:00:00,03:00,0.098
2023-04-21 00:00:00,04:00,0.0925999999999999
2023-04-21 00:00:00,05:00,0.09837
2023-04-21 00:00:00,06:00,0.1112099999999999
2023-04-21 00:00:00,07:00,0.13261
2023-04-21 00:00:00,08:00,0.1347
2023-04-21 00:00:00,09:00,0.10625
2023-04-21 00:00:00,10:00,0.10316
2023-04-21 00:00:00,11:00,0.08639
2023-04-21 00:00:00,12:00,0.05517
2023-04-21 00:00:00,13:00,0.0448999999999999
2023-04-21 00:00:00,14:00,0.05
2023-04-21 00:00:00,15:00,0.06
2023-04-21 00:00:00,16:00,0.07723
2023-04-21 00:00:00,17:00,0.098
2023-04-21 00:00:00,18:00,0.123
2023-04-21 00:00:00,19:00,0.14061
2023-04-21 00:00:00,20:00,0.14395
2023-04-21 00:00:00,21:00,0.14267
2023-04-21 00:00:00,22:00,0.1201
2023-04-21 00:00:00,23:00,0.1105
2023-04-20 00:00:00,00:00,0.10019
2023-04-20 00:00:00,01:00,0.0943499999999999
2023-04-20 00:00:00,02:00,0.09676
2023-04-20 00:00:00,03:00,0.09498
2023-04-20 00:00:00,04:00,0.09718
2023-04-20 00:00:00,05:00,0.10278
2023-04-20 00:00:00,06:00,0.12797
2023-04-20 00:00:00,07:00,0.14448
2023-04-20 00:00:00,08:00,0.1447
2023-04-20 00:00:00,09:00,0.13004
2023-04-20 00:00:00,10:00,0.1022
2023-04-20 00:00:00,11:00,0.09694
2023-04-20 00:00:00,12:00,0.09423
2023-04-20 00:00:00,13:00,0.08961
2023-04-20 00:00:00,14:00,0.08871
2023-04-20 00:00:00,15:00,0.08668
2023-04-20 00:00:00,16:00,0.09209
2023-04-20 00:00:00,17:00,0.10376
2023-04-20 00:00:00,18:00,0.12899
2023-04-20 00:00:00,19:00,0.14246
2023-04-20 00:00:00,20:00,0.14706
2023-04-20 00:00:00,21:00,0.13924
2023-04-20 00:00:00,22:00,0.125
2023-04-20 00:00:00,23:00,0.11586
2023-04-19 00:00:00,00:00,0.1022
2023-04-19 00:00:00,01:00,0.09754
2023-04-19 00:00:00,02:00,0.09992
2023-04-19 00:00:00,03:00,0.09895
2023-04-19 00:00:00,04:00,0.10133
2023-04-19 00:00:00,05:00,0.10587
2023-04-19 00:00:00,06:00,0.13
2023-04-19 00:00:00,07:00,0.13894
2023-04-19 00:00:00,08:00,0.137
2023-04-19 00:00:00,09:00,0.1041
2023-04-19 00:00:00,10:00,0.07
2023-04-19 00:00:00,11:00,-0.0039
2023-04-19 00:00:00,12:00,-0.09479
2023-04-19 00:00:00,13:00,-0.1941999999999999
2023-04-19 00:00:00,14:00,-0.19541
2023-04-19 00:00:00,15:00,-0.15
2023-04-19 00:00:00,16:00,-0.03
2023-04-19 00:00:00,17:00,0.06656
2023-04-19 00:00:00,18:00,0.09097
2023-04-19 00:00:00,19:00,0.12011
2023-04-19 00:00:00,20:00,0.12838
2023-04-19 00:00:00,21:00,0.12282
2023-04-19 00:00:00,22:00,0.1099
2023-04-19 00:00:00,23:00,0.10166
2023-04-18 00:00:00,00:00,0.10531
2023-04-18 00:00:00,01:00,0.10207
2023-04-18 00:00:00,02:00,0.1011
2023-04-18 00:00:00,03:00,0.10129
2023-04-18 00:00:00,04:00,0.10055
2023-04-18 00:00:00,05:00,0.10127
2023-04-18 00:00:00,06:00,0.127
2023-04-18 00:00:00,07:00,0.14027
2023-04-18 00:00:00,08:00,0.15488
2023-04-18 00:00:00,09:00,0.13399
2023-04-18 00:00:00,10:00,0.10621
2023-04-18 00:00:00,11:00,0.09959
2023-04-18 00:00:00,12:00,0.09008
2023-04-18 00:00:00,13:00,0.084
2023-04-18 00:00:00,14:00,0.07879
2023-04-18 00:00:00,15:00,0.07795
2023-04-18 00:00:00,16:00,0.0795
2023-04-18 00:00:00,17:00,0.09441
2023-04-18 00:00:00,18:00,0.10821
2023-04-18 00:00:00,19:00,0.13046
2023-04-18 00:00:00,20:00,0.1399
2023-04-18 00:00:00,21:00,0.13428
2023-04-18 00:00:00,22:00,0.1057999999999999
2023-04-18 00:00:00,23:00,0.0969
2023-04-17 00:00:00,00:00,0.11475
2023-04-17 00:00:00,01:00,0.11114
2023-04-17 00:00:00,02:00,0.1089599999999999
2023-04-17 00:00:00,03:00,0.1100999999999999
2023-04-17 00:00:00,04:00,0.11
2023-04-17 00:00:00,05:00,0.11491
2023-04-17 00:00:00,06:00,0.14078
2023-04-17 00:00:00,07:00,0.1783799999999999
2023-04-17 00:00:00,08:00,0.19929
2023-04-17 00:00:00,09:00,0.16262
2023-04-17 00:00:00,10:00,0.13561
2023-04-17 00:00:00,11:00,0.1176
2023-04-17 00:00:00,12:00,0.10513
2023-04-17 00:00:00,13:00,0.10092
2023-04-17 00:00:00,14:00,0.0969899999999999
2023-04-17 00:00:00,15:00,0.09275
2023-04-17 00:00:00,16:00,0.09676
2023-04-17 00:00:00,17:00,0.10099
2023-04-17 00:00:00,18:00,0.12233
2023-04-17 00:00:00,19:00,0.14361
2023-04-17 00:00:00,20:00,0.14278
2023-04-17 00:00:00,21:00,0.13425
2023-04-17 00:00:00,22:00,0.12282
2023-04-17 00:00:00,23:00,0.10916
2023-04-16 00:00:00,00:00,0.11155
2023-04-16 00:00:00,01:00,0.10349
2023-04-16 00:00:00,02:00,0.10268
2023-04-16 00:00:00,03:00,0.10109
2023-04-16 00:00:00,04:00,0.10263
2023-04-16 00:00:00,05:00,0.1035
2023-04-16 00:00:00,06:00,0.1035
2023-04-16 00:00:00,07:00,0.10337
2023-04-16 00:00:00,08:00,0.11043
2023-04-16 00:00:00,09:00,0.11468
2023-04-16 00:00:00,10:00,0.11104
2023-04-16 00:00:00,11:00,0.10783
2023-04-16 00:00:00,12:00,0.10405
2023-04-16 00:00:00,13:00,0.09816
2023-04-16 00:00:00,14:00,0.0947399999999999
2023-04-16 00:00:00,15:00,0.0942699999999999
2023-04-16 00:00:00,16:00,0.09606
2023-04-16 00:00:00,17:00,0.101
2023-04-16 00:00:00,18:00,0.1152099999999999
2023-04-16 00:00:00,19:00,0.13288
2023-04-16 00:00:00,20:00,0.14
2023-04-16 00:00:00,21:00,0.135
2023-04-16 00:00:00,22:00,0.12997
2023-04-16 00:00:00,23:00,0.12535
2023-04-15 00:00:00,00:00,0.1239
2023-04-15 00:00:00,01:00,0.112
2023-04-15 00:00:00,02:00,0.11438
2023-04-15 00:00:00,03:00,0.108
2023-04-15 00:00:00,04:00,0.10514
2023-04-15 00:00:00,05:00,0.10355
2023-04-15 00:00:00,06:00,0.10556
2023-04-15 00:00:00,07:00,0.10485
2023-04-15 00:00:00,08:00,0.10621
2023-04-15 00:00:00,09:00,0.1011
2023-04-15 00:00:00,10:00,0.09492
2023-04-15 00:00:00,11:00,0.09394
2023-04-15 00:00:00,12:00,0.07764
2023-04-15 00:00:00,13:00,0.015
2023-04-15 00:00:00,14:00,0.00092
2023-04-15 00:00:00,15:00,0.061
2023-04-15 00:00:00,16:00,0.07229
2023-04-15 00:00:00,17:00,0.09881
2023-04-15 00:00:00,18:00,0.11266
2023-04-15 00:00:00,19:00,0.13279
2023-04-15 00:00:00,20:00,0.13451
2023-04-15 00:00:00,21:00,0.1278
2023-04-15 00:00:00,22:00,0.12771
2023-04-15 00:00:00,23:00,0.1193
2023-04-14 00:00:00,00:00,0.11809
2023-04-14 00:00:00,01:00,0.1128
2023-04-14 00:00:00,02:00,0.11654
2023-04-14 00:00:00,03:00,0.1128
2023-04-14 00:00:00,04:00,0.11314
2023-04-14 00:00:00,05:00,0.1274
2023-04-14 00:00:00,06:00,0.14474
2023-04-14 00:00:00,07:00,0.17174
2023-04-14 00:00:00,08:00,0.1761599999999999
2023-04-14 00:00:00,09:00,0.14994
2023-04-14 00:00:00,10:00,0.1077
2023-04-14 00:00:00,11:00,0.1095
2023-04-14 00:00:00,12:00,0.1047
2023-04-14 00:00:00,13:00,0.10112
2023-04-14 00:00:00,14:00,0.1026
2023-04-14 00:00:00,15:00,0.0944
2023-04-14 00:00:00,16:00,0.10516
2023-04-14 00:00:00,17:00,0.1134
2023-04-14 00:00:00,18:00,0.13816
2023-04-14 00:00:00,19:00,0.15169
2023-04-14 00:00:00,20:00,0.15242
2023-04-14 00:00:00,21:00,0.151
2023-04-14 00:00:00,22:00,0.13473
2023-04-14 00:00:00,23:00,0.12029
2023-04-13 00:00:00,00:00,0.09723
2023-04-13 00:00:00,01:00,0.08509
2023-04-13 00:00:00,02:00,0.0794899999999999
2023-04-13 00:00:00,03:00,0.07286
2023-04-13 00:00:00,04:00,0.07112
2023-04-13 00:00:00,05:00,0.0825
2023-04-13 00:00:00,06:00,0.10206
2023-04-13 00:00:00,07:00,0.11504
2023-04-13 00:00:00,08:00,0.12215
2023-04-13 00:00:00,09:00,0.10539
2023-04-13 00:00:00,10:00,0.0834
2023-04-13 00:00:00,11:00,0.0349
2023-04-13 00:00:00,12:00,-0.0045
2023-04-13 00:00:00,13:00,-0.05
2023-04-13 00:00:00,14:00,-0.05007
2023-04-13 00:00:00,15:00,-0.05
2023-04-13 00:00:00,16:00,-0.0009
2023-04-13 00:00:00,17:00,0.1080999999999999
2023-04-13 00:00:00,18:00,0.1281
2023-04-13 00:00:00,19:00,0.151
2023-04-13 00:00:00,20:00,0.1551999999999999
2023-04-13 00:00:00,21:00,0.152
2023-04-13 00:00:00,22:00,0.13404
2023-04-13 00:00:00,23:00,0.1201
2023-04-12 00:00:00,00:00,0.0953
2023-04-12 00:00:00,01:00,0.0772
2023-04-12 00:00:00,02:00,0.05906
2023-04-12 00:00:00,03:00,0.04632
2023-04-12 00:00:00,04:00,0.0455
2023-04-12 00:00:00,05:00,0.08029
2023-04-12 00:00:00,06:00,0.10645
2023-04-12 00:00:00,07:00,0.1233499999999999
2023-04-12 00:00:00,08:00,0.13641
2023-04-12 00:00:00,09:00,0.13199
2023-04-12 00:00:00,10:00,0.12
2023-04-12 00:00:00,11:00,0.11156
2023-04-12 00:00:00,12:00,0.1006
2023-04-12 00:00:00,13:00,0.09736
2023-04-12 00:00:00,14:00,0.09762
2023-04-12 00:00:00,15:00,0.0970699999999999
2023-04-12 00:00:00,16:00,0.10034
2023-04-12 00:00:00,17:00,0.1093
2023-04-12 00:00:00,18:00,0.10662
2023-04-12 00:00:00,19:00,0.11153
2023-04-12 00:00:00,20:00,0.125
2023-04-12 00:00:00,21:00,0.11211
2023-04-12 00:00:00,22:00,0.1093
2023-04-12 00:00:00,23:00,0.09795
2023-04-11 00:00:00,00:00,0.01308
2023-04-11 00:00:00,01:00,0.00116
2023-04-11 00:00:00,02:00,0.00076
2023-04-11 00:00:00,03:00,0.00109
2023-04-11 00:00:00,04:00,0.0060999999999999
2023-04-11 00:00:00,05:00,0.03451
2023-04-11 00:00:00,06:00,0.09418
2023-04-11 00:00:00,07:00,0.11598
2023-04-11 00:00:00,08:00,0.12326
2023-04-11 00:00:00,09:00,0.0938
2023-04-11 00:00:00,10:00,0.05425
2023-04-11 00:00:00,11:00,0.00903
2023-04-11 00:00:00,12:00,-0.016
2023-04-11 00:00:00,13:00,-0.018
2023-04-11 00:00:00,14:00,-0.03
2023-04-11 00:00:00,15:00,-0.0046
2023-04-11 00:00:00,16:00,0.00661
2023-04-11 00:00:00,17:00,0.0822
2023-04-11 00:00:00,18:00,0.1308
2023-04-11 00:00:00,19:00,0.16246
2023-04-11 00:00:00,20:00,0.16538
2023-04-11 00:00:00,21:00,0.14139
2023-04-11 00:00:00,22:00,0.1308
2023-04-11 00:00:00,23:00,0.111
2023-04-10 00:00:00,00:00,0.0982099999999999
2023-04-10 00:00:00,01:00,0.0818499999999999
2023-04-10 00:00:00,02:00,0.07814
2023-04-10 00:00:00,03:00,0.0719
2023-04-10 00:00:00,04:00,0.07
2023-04-10 00:00:00,05:00,0.07296
2023-04-10 00:00:00,06:00,0.08
2023-04-10 00:00:00,07:00,0.07765
2023-04-10 00:00:00,08:00,0.06949
2023-04-10 00:00:00,09:00,0.0549
2023-04-10 00:00:00,10:00,0.0245799999999999
2023-04-10 00:00:00,11:00,0.0002
2023-04-10 00:00:00,12:00,-0.00101
2023-04-10 00:00:00,13:00,-0.00784
2023-04-10 00:00:00,14:00,-0.00733
2023-04-10 00:00:00,15:00,-0.0031
2023-04-10 00:00:00,16:00,-2e-05
2023-04-10 00:00:00,17:00,0.02022
2023-04-10 00:00:00,18:00,0.05128
2023-04-10 00:00:00,19:00,0.08
2023-04-10 00:00:00,20:00,0.0815999999999999
2023-04-10 00:00:00,21:00,0.0749
2023-04-10 00:00:00,22:00,0.06864
2023-04-10 00:00:00,23:00,0.045
2023-04-09 00:00:00,00:00,0.12799
2023-04-09 00:00:00,01:00,0.1178599999999999
2023-04-09 00:00:00,02:00,0.1198299999999999
2023-04-09 00:00:00,03:00,0.11799
2023-04-09 00:00:00,04:00,0.11824
2023-04-09 00:00:00,05:00,0.1178599999999999
2023-04-09 00:00:00,06:00,0.12
2023-04-09 00:00:00,07:00,0.1189
2023-04-09 00:00:00,08:00,0.12298
2023-04-09 00:00:00,09:00,0.1122099999999999
2023-04-09 00:00:00,10:00,0.1
2023-04-09 00:00:00,11:00,0.087
2023-04-09 00:00:00,12:00,0.0819599999999999
2023-04-09 00:00:00,13:00,0.06001
2023-04-09 00:00:00,14:00,0.055
2023-04-09 00:00:00,15:00,0.056
2023-04-09 00:00:00,16:00,0.074
2023-04-09 00:00:00,17:00,0.08635
2023-04-09 00:00:00,18:00,0.1152
2023-04-09 00:00:00,19:00,0.12997
2023-04-09 00:00:00,20:00,0.13346
2023-04-09 00:00:00,21:00,0.12639
2023-04-09 00:00:00,22:00,0.115
2023-04-09 00:00:00,23:00,0.10694
2023-04-08 00:00:00,00:00,0.1199
2023-04-08 00:00:00,01:00,0.11151
2023-04-08 00:00:00,02:00,0.11265
2023-04-08 00:00:00,03:00,0.11075
2023-04-08 00:00:00,04:00,0.11078
2023-04-08 00:00:00,05:00,0.11216
2023-04-08 00:00:00,06:00,0.11256
2023-04-08 00:00:00,07:00,0.12935
2023-04-08 00:00:00,08:00,0.13075
2023-04-08 00:00:00,09:00,0.12559
2023-04-08 00:00:00,10:00,0.10807
2023-04-08 00:00:00,11:00,0.10427
2023-04-08 00:00:00,12:00,0.0886
2023-04-08 00:00:00,13:00,0.077
2023-04-08 00:00:00,14:00,0.0701
2023-04-08 00:00:00,15:00,0.08339
2023-04-08 00:00:00,16:00,0.09598
2023-04-08 00:00:00,17:00,0.10447
2023-04-08 00:00:00,18:00,0.11747
2023-04-08 00:00:00,19:00,0.13501
2023-04-08 00:00:00,20:00,0.13997
2023-04-08 00:00:00,21:00,0.13731
2023-04-08 00:00:00,22:00,0.1349
2023-04-08 00:00:00,23:00,0.12698
2023-04-07 00:00:00,00:00,0.1296
2023-04-07 00:00:00,01:00,0.1245
2023-04-07 00:00:00,02:00,0.11495
2023-04-07 00:00:00,03:00,0.1085999999999999
2023-04-07 00:00:00,04:00,0.1092
2023-04-07 00:00:00,05:00,0.11768
2023-04-07 00:00:00,06:00,0.1100699999999999
2023-04-07 00:00:00,07:00,0.118
2023-04-07 00:00:00,08:00,0.15999
2023-04-07 00:00:00,09:00,0.15
2023-04-07 00:00:00,10:00,0.14917
2023-04-07 00:00:00,11:00,0.13197
2023-04-07 00:00:00,12:00,0.1199
2023-04-07 00:00:00,13:00,0.1105999999999999
2023-04-07 00:00:00,14:00,0.1072
2023-04-07 00:00:00,15:00,0.10442
2023-04-07 00:00:00,16:00,0.1104
2023-04-07 00:00:00,17:00,0.116
2023-04-07 00:00:00,18:00,0.12778
2023-04-07 00:00:00,19:00,0.1458799999999999
2023-04-07 00:00:00,20:00,0.1594799999999999
2023-04-07 00:00:00,21:00,0.14681
2023-04-07 00:00:00,22:00,0.13632
2023-04-07 00:00:00,23:00,0.12607
2023-04-06 00:00:00,00:00,0.13554
2023-04-06 00:00:00,01:00,0.12412
2023-04-06 00:00:00,02:00,0.12
2023-04-06 00:00:00,03:00,0.11533
2023-04-06 00:00:00,04:00,0.11485
2023-04-06 00:00:00,05:00,0.12491
2023-04-06 00:00:00,06:00,0.14251
2023-04-06 00:00:00,07:00,0.16163
2023-04-06 00:00:00,08:00,0.15952
2023-04-06 00:00:00,09:00,0.12993
2023-04-06 00:00:00,10:00,0.12601
2023-04-06 00:00:00,11:00,0.11702
2023-04-06 00:00:00,12:00,0.10936
2023-04-06 00:00:00,13:00,0.10844
2023-04-06 00:00:00,14:00,0.10689
2023-04-06 00:00:00,15:00,0.1081299999999999
2023-04-06 00:00:00,16:00,0.10987
2023-04-06 00:00:00,17:00,0.12117
2023-04-06 00:00:00,18:00,0.14
2023-04-06 00:00:00,19:00,0.15023
2023-04-06 00:00:00,20:00,0.14424
2023-04-06 00:00:00,21:00,0.152
2023-04-06 00:00:00,22:00,0.1398
2023-04-06 00:00:00,23:00,0.1232999999999999
2023-04-05 00:00:00,00:00,0.12734
2023-04-05 00:00:00,01:00,0.11813
2023-04-05 00:00:00,02:00,0.11954
2023-04-05 00:00:00,03:00,0.11818
2023-04-05 00:00:00,04:00,0.1248
2023-04-05 00:00:00,05:00,0.13429
2023-04-05 00:00:00,06:00,0.16599
2023-04-05 00:00:00,07:00,0.20792
2023-04-05 00:00:00,08:00,0.18075
2023-04-05 00:00:00,09:00,0.14453
2023-04-05 00:00:00,10:00,0.112
2023-04-05 00:00:00,11:00,0.11389
2023-04-05 00:00:00,12:00,0.11117
2023-04-05 00:00:00,13:00,0.10966
2023-04-05 00:00:00,14:00,0.11104
2023-04-05 00:00:00,15:00,0.1109599999999999
2023-04-05 00:00:00,16:00,0.11629
2023-04-05 00:00:00,17:00,0.1356
2023-04-05 00:00:00,18:00,0.15652
2023-04-05 00:00:00,19:00,0.19956
2023-04-05 00:00:00,20:00,0.19168
2023-04-05 00:00:00,21:00,0.16498
2023-04-05 00:00:00,22:00,0.15139
2023-04-05 00:00:00,23:00,0.13913
2023-04-04 00:00:00,00:00,0.1108499999999999
2023-04-04 00:00:00,01:00,0.11014
2023-04-04 00:00:00,02:00,0.11583
2023-04-04 00:00:00,03:00,0.11561
2023-04-04 00:00:00,04:00,0.11671
2023-04-04 00:00:00,05:00,0.1219099999999999
2023-04-04 00:00:00,06:00,0.14535
2023-04-04 00:00:00,07:00,0.1805699999999999
2023-04-04 00:00:00,08:00,0.19061
2023-04-04 00:00:00,09:00,0.15827
2023-04-04 00:00:00,10:00,0.10779
2023-04-04 00:00:00,11:00,0.11202
2023-04-04 00:00:00,12:00,0.10294
2023-04-04 00:00:00,13:00,0.1072
2023-04-04 00:00:00,14:00,0.10731
2023-04-04 00:00:00,15:00,0.1087099999999999
2023-04-04 00:00:00,16:00,0.11273
2023-04-04 00:00:00,17:00,0.122
2023-04-04 00:00:00,18:00,0.1470999999999999
2023-04-04 00:00:00,19:00,0.18
2023-04-04 00:00:00,20:00,0.17732
2023-04-04 00:00:00,21:00,0.1560399999999999
2023-04-04 00:00:00,22:00,0.14139
2023-04-04 00:00:00,23:00,0.1299
2023-04-03 00:00:00,00:00,0.11522
2023-04-03 00:00:00,01:00,0.11272
2023-04-03 00:00:00,02:00,0.11389
2023-04-03 00:00:00,03:00,0.10853
2023-04-03 00:00:00,04:00,0.10043
2023-04-03 00:00:00,05:00,0.1100699999999999
2023-04-03 00:00:00,06:00,0.13963
2023-04-03 00:00:00,07:00,0.16899
2023-04-03 00:00:00,08:00,0.17984
2023-04-03 00:00:00,09:00,0.14
2023-04-03 00:00:00,10:00,0.09218
2023-04-03 00:00:00,11:00,0.06814
2023-04-03 00:00:00,12:00,0.07161
2023-04-03 00:00:00,13:00,0.0492
2023-04-03 00:00:00,14:00,0.07158
2023-04-03 00:00:00,15:00,0.07891
2023-04-03 00:00:00,16:00,0.082
2023-04-03 00:00:00,17:00,0.10035
2023-04-03 00:00:00,18:00,0.13377
2023-04-03 00:00:00,19:00,0.15811
2023-04-03 00:00:00,20:00,0.1658899999999999
2023-04-03 00:00:00,21:00,0.14879
2023-04-03 00:00:00,22:00,0.13207
2023-04-03 00:00:00,23:00,0.11312
2023-04-02 00:00:00,00:00,0.081
2023-04-02 00:00:00,01:00,0.0699
2023-04-02 00:00:00,02:00,0.05851
2023-04-02 00:00:00,03:00,0.06046
2023-04-02 00:00:00,04:00,0.05851
2023-04-02 00:00:00,05:00,0.06046
2023-04-02 00:00:00,06:00,0.05872
2023-04-02 00:00:00,07:00,0.07008
2023-04-02 00:00:00,08:00,0.0755499999999999
2023-04-02 00:00:00,09:00,0.06609
2023-04-02 00:00:00,10:00,0.04001
2023-04-02 00:00:00,11:00,0.0233
2023-04-02 00:00:00,12:00,-0.001
2023-04-02 00:00:00,13:00,-0.00399
2023-04-02 00:00:00,14:00,-0.00399
2023-04-02 00:00:00,15:00,0.0
2023-04-02 00:00:00,16:00,0.0128
2023-04-02 00:00:00,17:00,0.04174
2023-04-02 00:00:00,18:00,0.10041
2023-04-02 00:00:00,19:00,0.13
2023-04-02 00:00:00,20:00,0.13212
2023-04-02 00:00:00,21:00,0.12165
2023-04-02 00:00:00,22:00,0.11555
2023-04-02 00:00:00,23:00,0.10912
2023-04-01 00:00:00,00:00,0.08219
2023-04-01 00:00:00,01:00,0.0639
2023-04-01 00:00:00,02:00,0.05384
2023-04-01 00:00:00,03:00,0.05399
2023-04-01 00:00:00,04:00,0.0550099999999999
2023-04-01 00:00:00,05:00,0.07
2023-04-01 00:00:00,06:00,0.08058
2023-04-01 00:00:00,07:00,0.085
2023-04-01 00:00:00,08:00,0.09
2023-04-01 00:00:00,09:00,0.0867
2023-04-01 00:00:00,10:00,0.0862
2023-04-01 00:00:00,11:00,0.08437
2023-04-01 00:00:00,12:00,0.08
2023-04-01 00:00:00,13:00,0.0549
2023-04-01 00:00:00,14:00,0.04324
2023-04-01 00:00:00,15:00,0.042
2023-04-01 00:00:00,16:00,0.07
2023-04-01 00:00:00,17:00,0.0849
2023-04-01 00:00:00,18:00,0.0993
2023-04-01 00:00:00,19:00,0.09765
2023-04-01 00:00:00,20:00,0.11095
2023-04-01 00:00:00,21:00,0.0911599999999999
2023-04-01 00:00:00,22:00,0.08177
2023-04-01 00:00:00,23:00,0.0689
2023-03-31 00:00:00,00:00,0.06513
2023-03-31 00:00:00,01:00,0.0649
2023-03-31 00:00:00,02:00,0.0571
2023-03-31 00:00:00,03:00,0.04862
2023-03-31 00:00:00,04:00,0.0649
2023-03-31 00:00:00,05:00,0.07396
2023-03-31 00:00:00,06:00,0.10922
2023-03-31 00:00:00,07:00,0.12137
2023-03-31 00:00:00,08:00,0.12455
2023-03-31 00:00:00,09:00,0.132
2023-03-31 00:00:00,10:00,0.10518
2023-03-31 00:00:00,11:00,0.10568
2023-03-31 00:00:00,12:00,0.08947
2023-03-31 00:00:00,13:00,0.07694
2023-03-31 00:00:00,14:00,0.0813
2023-03-31 00:00:00,15:00,0.07817
2023-03-31 00:00:00,16:00,0.07764
2023-03-31 00:00:00,17:00,0.09905
2023-03-31 00:00:00,18:00,0.11261
2023-03-31 00:00:00,19:00,0.11453
2023-03-31 00:00:00,20:00,0.10967
2023-03-31 00:00:00,21:00,0.09883
2023-03-31 00:00:00,22:00,0.08673
2023-03-31 00:00:00,23:00,0.08
2023-03-30 00:00:00,00:00,0.08971
2023-03-30 00:00:00,01:00,0.08229
2023-03-30 00:00:00,02:00,0.08078
2023-03-30 00:00:00,03:00,0.0787699999999999
2023-03-30 00:00:00,04:00,0.07791
2023-03-30 00:00:00,05:00,0.0768
2023-03-30 00:00:00,06:00,0.08864
2023-03-30 00:00:00,07:00,0.11888
2023-03-30 00:00:00,08:00,0.1293
2023-03-30 00:00:00,09:00,0.11
2023-03-30 00:00:00,10:00,0.0906599999999999
2023-03-30 00:00:00,11:00,0.07993
2023-03-30 00:00:00,12:00,0.06455
2023-03-30 00:00:00,13:00,0.02531
2023-03-30 00:00:00,14:00,0.0050999999999999
2023-03-30 00:00:00,15:00,0.00853
2023-03-30 00:00:00,16:00,0.0382599999999999
2023-03-30 00:00:00,17:00,0.07244
2023-03-30 00:00:00,18:00,0.09755
2023-03-30 00:00:00,19:00,0.1197
2023-03-30 00:00:00,20:00,0.11937
2023-03-30 00:00:00,21:00,0.10328
2023-03-30 00:00:00,22:00,0.1000699999999999
2023-03-30 00:00:00,23:00,0.09076
2023-03-29 00:00:00,00:00,0.09665
2023-03-29 00:00:00,01:00,0.095
2023-03-29 00:00:00,02:00,0.0954
2023-03-29 00:00:00,03:00,0.09804
2023-03-29 00:00:00,04:00,0.098
2023-03-29 00:00:00,05:00,0.0992
2023-03-29 00:00:00,06:00,0.11704
2023-03-29 00:00:00,07:00,0.14413
2023-03-29 00:00:00,08:00,0.152
2023-03-29 00:00:00,09:00,0.14417
2023-03-29 00:00:00,10:00,0.13
2023-03-29 00:00:00,11:00,0.119
2023-03-29 00:00:00,12:00,0.11098
2023-03-29 00:00:00,13:00,0.1056
2023-03-29 00:00:00,14:00,0.10155
2023-03-29 00:00:00,15:00,0.1049399999999999
2023-03-29 00:00:00,16:00,0.1059
2023-03-29 00:00:00,17:00,0.12579
2023-03-29 00:00:00,18:00,0.1431899999999999
2023-03-29 00:00:00,19:00,0.14983
2023-03-29 00:00:00,20:00,0.13226
2023-03-29 00:00:00,21:00,0.11492
2023-03-29 00:00:00,22:00,0.1099
2023-03-29 00:00:00,23:00,0.0948
2023-03-28 00:00:00,00:00,0.0999
2023-03-28 00:00:00,01:00,0.1045
2023-03-28 00:00:00,02:00,0.1001
2023-03-28 00:00:00,03:00,0.0960999999999999
2023-03-28 00:00:00,04:00,0.0954
2023-03-28 00:00:00,05:00,0.10077
2023-03-28 00:00:00,06:00,0.13004
2023-03-28 00:00:00,07:00,0.16007
2023-03-28 00:00:00,08:00,0.15977
2023-03-28 00:00:00,09:00,0.12521
2023-03-28 00:00:00,10:00,0.10428
2023-03-28 00:00:00,11:00,0.09489
2023-03-28 00:00:00,12:00,0.0912999999999999
2023-03-28 00:00:00,13:00,0.08687
2023-03-28 00:00:00,14:00,0.09
2023-03-28 00:00:00,15:00,0.0943199999999999
2023-03-28 00:00:00,16:00,0.09608
2023-03-28 00:00:00,17:00,0.10859
2023-03-28 00:00:00,18:00,0.13687
2023-03-28 00:00:00,19:00,0.1609799999999999
2023-03-28 00:00:00,20:00,0.13594
2023-03-28 00:00:00,21:00,0.132
2023-03-28 00:00:00,22:00,0.12501
2023-03-28 00:00:00,23:00,0.11039
2023-03-27 00:00:00,00:00,0.096
2023-03-27 00:00:00,01:00,0.09171
2023-03-27 00:00:00,02:00,0.08748
2023-03-27 00:00:00,03:00,0.08399
2023-03-27 00:00:00,04:00,0.0849
2023-03-27 00:00:00,05:00,0.08659
2023-03-27 00:00:00,06:00,0.115
2023-03-27 00:00:00,07:00,0.14299
2023-03-27 00:00:00,08:00,0.1493799999999999
2023-03-27 00:00:00,09:00,0.085
2023-03-27 00:00:00,10:00,0.0601
2023-03-27 00:00:00,11:00,0.05075
2023-03-27 00:00:00,12:00,0.0
2023-03-27 00:00:00,13:00,0.0
2023-03-27 00:00:00,14:00,-0.01002
2023-03-27 00:00:00,15:00,-0.02002
2023-03-27 00:00:00,16:00,0.0
2023-03-27 00:00:00,17:00,0.06398
2023-03-27 00:00:00,18:00,0.1004
2023-03-27 00:00:00,19:00,0.13591
2023-03-27 00:00:00,20:00,0.189
2023-03-27 00:00:00,21:00,0.1447
2023-03-27 00:00:00,22:00,0.11358
2023-03-27 00:00:00,23:00,0.0948
2023-03-26 00:00:00,00:00,0.0945699999999999
2023-03-26 00:00:00,01:00,0.08
2023-03-26 00:00:00,02:00,
2023-03-26 00:00:00,03:00,0.0849
2023-03-26 00:00:00,04:00,0.07362
2023-03-26 00:00:00,05:00,0.07365
2023-03-26 00:00:00,06:00,0.06349
2023-03-26 00:00:00,07:00,0.07309
2023-03-26 00:00:00,08:00,0.0783499999999999
2023-03-26 00:00:00,09:00,0.08469
2023-03-26 00:00:00,10:00,0.0887
2023-03-26 00:00:00,11:00,0.0849
2023-03-26 00:00:00,12:00,0.0749
2023-03-26 00:00:00,13:00,0.06167
2023-03-26 00:00:00,14:00,0.05046
2023-03-26 00:00:00,15:00,0.04557
2023-03-26 00:00:00,16:00,0.04835
2023-03-26 00:00:00,17:00,0.07709
2023-03-26 00:00:00,18:00,0.10665
2023-03-26 00:00:00,19:00,0.1178599999999999
2023-03-26 00:00:00,20:00,0.11259
2023-03-26 00:00:00,21:00,0.10463
2023-03-26 00:00:00,22:00,0.09942
2023-03-26 00:00:00,23:00,0.09464
2023-03-25 00:00:00,00:00,0.0153
2023-03-25 00:00:00,01:00,0.0001
2023-03-25 00:00:00,02:00,-0.003
2023-03-25 00:00:00,03:00,-0.0002099999999999
2023-03-25 00:00:00,04:00,-0.00115
2023-03-25 00:00:00,05:00,-0.00199
2023-03-25 00:00:00,06:00,-0.00237
2023-03-25 00:00:00,07:00,0.0
2023-03-25 00:00:00,08:00,0.0
2023-03-25 00:00:00,09:00,-0.00394
2023-03-25 00:00:00,10:00,-0.00799
2023-03-25 00:00:00,11:00,-0.00218
2023-03-25 00:00:00,12:00,-0.00667
2023-03-25 00:00:00,13:00,-0.00971
2023-03-25 00:00:00,14:00,-0.0095299999999999
2023-03-25 00:00:00,15:00,-0.00175
2023-03-25 00:00:00,16:00,-0.00101
2023-03-25 00:00:00,17:00,0.03192
2023-03-25 00:00:00,18:00,0.075
2023-03-25 00:00:00,19:00,0.09998
2023-03-25 00:00:00,20:00,0.0999
2023-03-25 00:00:00,21:00,0.09755
2023-03-25 00:00:00,22:00,0.098
2023-03-25 00:00:00,23:00,0.0975999999999999
2023-03-24 00:00:00,00:00,0.0549799999999999
2023-03-24 00:00:00,01:00,0.0438
2023-03-24 00:00:00,02:00,0.04067
2023-03-24 00:00:00,03:00,0.03992
2023-03-24 00:00:00,04:00,0.03507
2023-03-24 00:00:00,05:00,0.04019
2023-03-24 00:00:00,06:00,0.0624399999999999
2023-03-24 00:00:00,07:00,0.08123
2023-03-24 00:00:00,08:00,0.08123
2023-03-24 00:00:00,09:00,0.06236
2023-03-24 00:00:00,10:00,0.0213
2023-03-24 00:00:00,11:00,0.0
2023-03-24 00:00:00,12:00,-0.01
2023-03-24 00:00:00,13:00,-0.0114
2023-03-24 00:00:00,14:00,-0.00466
2023-03-24 00:00:00,15:00,0.0049
2023-03-24 00:00:00,16:00,0.02932
2023-03-24 00:00:00,17:00,0.07943
2023-03-24 00:00:00,18:00,0.1008
2023-03-24 00:00:00,19:00,0.11623
2023-03-24 00:00:00,20:00,0.0967
2023-03-24 00:00:00,21:00,0.08247
2023-03-24 00:00:00,22:00,0.0762
2023-03-24 00:00:00,23:00,0.0649
2023-03-23 00:00:00,00:00,0.06793
2023-03-23 00:00:00,01:00,0.06593
2023-03-23 00:00:00,02:00,0.0556599999999999
2023-03-23 00:00:00,03:00,0.04665
2023-03-23 00:00:00,04:00,0.03246
2023-03-23 00:00:00,05:00,0.05579
2023-03-23 00:00:00,06:00,0.08058
2023-03-23 00:00:00,07:00,0.09222
2023-03-23 00:00:00,08:00,0.095
2023-03-23 00:00:00,09:00,0.0749
2023-03-23 00:00:00,10:00,0.0414
2023-03-23 00:00:00,11:00,0.03503
2023-03-23 00:00:00,12:00,0.03537
2023-03-23 00:00:00,13:00,0.03641
2023-03-23 00:00:00,14:00,0.0509
2023-03-23 00:00:00,15:00,0.054
2023-03-23 00:00:00,16:00,0.08939
2023-03-23 00:00:00,17:00,0.1194699999999999
2023-03-23 00:00:00,18:00,0.13686
2023-03-23 00:00:00,19:00,0.14437
2023-03-23 00:00:00,20:00,0.12204
2023-03-23 00:00:00,21:00,0.09203
2023-03-23 00:00:00,22:00,0.08885
2023-03-23 00:00:00,23:00,0.07754
2023-03-22 00:00:00,00:00,0.07706
2023-03-22 00:00:00,01:00,0.0731899999999999
2023-03-22 00:00:00,02:00,0.07339
2023-03-22 00:00:00,03:00,0.06881
2023-03-22 00:00:00,04:00,0.06648
2023-03-22 00:00:00,05:00,0.07191
2023-03-22 00:00:00,06:00,0.08448
2023-03-22 00:00:00,07:00,0.10254
2023-03-22 00:00:00,08:00,0.10754
2023-03-22 00:00:00,09:00,0.0925999999999999
2023-03-22 00:00:00,10:00,0.07876
2023-03-22 00:00:00,11:00,0.08152
2023-03-22 00:00:00,12:00,0.07304
2023-03-22 00:00:00,13:00,0.0711
2023-03-22 00:00:00,14:00,0.0785699999999999
2023-03-22 00:00:00,15:00,0.06995
2023-03-22 00:00:00,16:00,0.08184
2023-03-22 00:00:00,17:00,0.10062
2023-03-22 00:00:00,18:00,0.1187199999999999
2023-03-22 00:00:00,19:00,0.13978
2023-03-22 00:00:00,20:00,0.12514
2023-03-22 00:00:00,21:00,0.10837
2023-03-22 00:00:00,22:00,0.0999
2023-03-22 00:00:00,23:00,0.08351
2023-03-21 00:00:00,00:00,0.12079
2023-03-21 00:00:00,01:00,0.11228
2023-03-21 00:00:00,02:00,0.11156
2023-03-21 00:00:00,03:00,0.10865
2023-03-21 00:00:00,04:00,0.11
2023-03-21 00:00:00,05:00,0.11821
2023-03-21 00:00:00,06:00,0.12979
2023-03-21 00:00:00,07:00,0.14547
2023-03-21 00:00:00,08:00,0.14343
2023-03-21 00:00:00,09:00,0.1285
2023-03-21 00:00:00,10:00,0.115
2023-03-21 00:00:00,11:00,0.10667
2023-03-21 00:00:00,12:00,0.10191
2023-03-21 00:00:00,13:00,0.09948
2023-03-21 00:00:00,14:00,0.09609
2023-03-21 00:00:00,15:00,0.09825
2023-03-21 00:00:00,16:00,0.10112
2023-03-21 00:00:00,17:00,0.11294
2023-03-21 00:00:00,18:00,0.13204
2023-03-21 00:00:00,19:00,0.14326
2023-03-21 00:00:00,20:00,0.11234
2023-03-21 00:00:00,21:00,0.101
2023-03-21 00:00:00,22:00,0.09218
2023-03-21 00:00:00,23:00,0.09036
2023-03-20 00:00:00,00:00,0.124
2023-03-20 00:00:00,01:00,0.11494
2023-03-20 00:00:00,02:00,0.11306
2023-03-20 00:00:00,03:00,0.11018
2023-03-20 00:00:00,04:00,0.11025
2023-03-20 00:00:00,05:00,0.1164
2023-03-20 00:00:00,06:00,0.13577
2023-03-20 00:00:00,07:00,0.14843
2023-03-20 00:00:00,08:00,0.14851
2023-03-20 00:00:00,09:00,0.13756
2023-03-20 00:00:00,10:00,0.12275
2023-03-20 00:00:00,11:00,0.11579
2023-03-20 00:00:00,12:00,0.1045799999999999
2023-03-20 00:00:00,13:00,0.09994
2023-03-20 00:00:00,14:00,0.10169
2023-03-20 00:00:00,15:00,0.10472
2023-03-20 00:00:00,16:00,0.1138199999999999
2023-03-20 00:00:00,17:00,0.13282
2023-03-20 00:00:00,18:00,0.15096
2023-03-20 00:00:00,19:00,0.16547
2023-03-20 00:00:00,20:00,0.15236
2023-03-20 00:00:00,21:00,0.13549
2023-03-20 00:00:00,22:00,0.1275
2023-03-20 00:00:00,23:00,0.11704
2023-03-19 00:00:00,00:00,0.11003
2023-03-19 00:00:00,01:00,0.106
2023-03-19 00:00:00,02:00,0.0996
2023-03-19 00:00:00,03:00,0.09918
2023-03-19 00:00:00,04:00,0.09874
2023-03-19 00:00:00,05:00,0.10336
2023-03-19 00:00:00,06:00,0.1
2023-03-19 00:00:00,07:00,0.10245
2023-03-19 00:00:00,08:00,0.10144
2023-03-19 00:00:00,09:00,0.10226
2023-03-19 00:00:00,10:00,0.10056
2023-03-19 00:00:00,11:00,0.09929
2023-03-19 00:00:00,12:00,0.0974599999999999
2023-03-19 00:00:00,13:00,0.09404
2023-03-19 00:00:00,14:00,0.09501
2023-03-19 00:00:00,15:00,0.09867
2023-03-19 00:00:00,16:00,0.10609
2023-03-19 00:00:00,17:00,0.13462
2023-03-19 00:00:00,18:00,0.145
2023-03-19 00:00:00,19:00,0.15291
2023-03-19 00:00:00,20:00,0.14471
2023-03-19 00:00:00,21:00,0.13527
2023-03-19 00:00:00,22:00,0.1329
2023-03-19 00:00:00,23:00,0.13
2023-03-18 00:00:00,00:00,0.12016
2023-03-18 00:00:00,01:00,0.1191
2023-03-18 00:00:00,02:00,0.1
2023-03-18 00:00:00,03:00,0.095
2023-03-18 00:00:00,04:00,0.09618
2023-03-18 00:00:00,05:00,0.0998
2023-03-18 00:00:00,06:00,0.1035
2023-03-18 00:00:00,07:00,0.10543
2023-03-18 00:00:00,08:00,0.10076
2023-03-18 00:00:00,09:00,0.10265
2023-03-18 00:00:00,10:00,0.09702
2023-03-18 00:00:00,11:00,0.09115
2023-03-18 00:00:00,12:00,0.08406
2023-03-18 00:00:00,13:00,0.08042
2023-03-18 00:00:00,14:00,0.08752
2023-03-18 00:00:00,15:00,0.09208
2023-03-18 00:00:00,16:00,0.10443
2023-03-18 00:00:00,17:00,0.13074
2023-03-18 00:00:00,18:00,0.1569499999999999
2023-03-18 00:00:00,19:00,0.16954
2023-03-18 00:00:00,20:00,0.14415
2023-03-18 00:00:00,21:00,0.1329199999999999
2023-03-18 00:00:00,22:00,0.1299499999999999
2023-03-18 00:00:00,23:00,0.11846
2023-03-17 00:00:00,00:00,0.09
2023-03-17 00:00:00,01:00,0.09
2023-03-17 00:00:00,02:00,0.08935
2023-03-17 00:00:00,03:00,0.0755499999999999
2023-03-17 00:00:00,04:00,0.079
2023-03-17 00:00:00,05:00,0.08159
2023-03-17 00:00:00,06:00,0.11924
2023-03-17 00:00:00,07:00,0.1406
2023-03-17 00:00:00,08:00,0.134
2023-03-17 00:00:00,09:00,0.1039
2023-03-17 00:00:00,10:00,0.0977
2023-03-17 00:00:00,11:00,0.0924
2023-03-17 00:00:00,12:00,0.07815
2023-03-17 00:00:00,13:00,0.09063
2023-03-17 00:00:00,14:00,0.08951
2023-03-17 00:00:00,15:00,0.09903
2023-03-17 00:00:00,16:00,0.10954
2023-03-17 00:00:00,17:00,0.12676
2023-03-17 00:00:00,18:00,0.1399
2023-03-17 00:00:00,19:00,0.16371
2023-03-17 00:00:00,20:00,0.1399
2023-03-17 00:00:00,21:00,0.12919
2023-03-17 00:00:00,22:00,0.1199
2023-03-17 00:00:00,23:00,0.12875
2023-03-16 00:00:00,00:00,0.11739
2023-03-16 00:00:00,01:00,0.1072
2023-03-16 00:00:00,02:00,0.1038
2023-03-16 00:00:00,03:00,0.1
2023-03-16 00:00:00,04:00,0.0980699999999999
2023-03-16 00:00:00,05:00,0.1036
2023-03-16 00:00:00,06:00,0.1105699999999999
2023-03-16 00:00:00,07:00,0.14235
2023-03-16 00:00:00,08:00,0.13803
2023-03-16 00:00:00,09:00,0.11712
2023-03-16 00:00:00,10:00,0.1032
2023-03-16 00:00:00,11:00,0.09151
2023-03-16 00:00:00,12:00,0.08541
2023-03-16 00:00:00,13:00,0.07851
2023-03-16 00:00:00,14:00,0.08047
2023-03-16 00:00:00,15:00,0.0849
2023-03-16 00:00:00,16:00,0.0954599999999999
2023-03-16 00:00:00,17:00,0.11923
2023-03-16 00:00:00,18:00,0.13188
2023-03-16 00:00:00,19:00,0.13002
2023-03-16 00:00:00,20:00,0.1025
2023-03-16 00:00:00,21:00,0.1018
2023-03-16 00:00:00,22:00,0.0882
2023-03-16 00:00:00,23:00,0.0817
2023-03-15 00:00:00,00:00,0.1558
2023-03-15 00:00:00,01:00,0.1142
2023-03-15 00:00:00,02:00,0.1159
2023-03-15 00:00:00,03:00,0.10821
2023-03-15 00:00:00,04:00,0.10854
2023-03-15 00:00:00,05:00,0.12345
2023-03-15 00:00:00,06:00,0.1436
2023-03-15 00:00:00,07:00,0.2
2023-03-15 00:00:00,08:00,0.219
2023-03-15 00:00:00,09:00,0.14593
2023-03-15 00:00:00,10:00,0.1107
2023-03-15 00:00:00,11:00,0.07794
2023-03-15 00:00:00,12:00,0.0749
2023-03-15 00:00:00,13:00,0.06271
2023-03-15 00:00:00,14:00,0.0749
2023-03-15 00:00:00,15:00,0.1001
2023-03-15 00:00:00,16:00,0.11451
2023-03-15 00:00:00,17:00,0.1508
2023-03-15 00:00:00,18:00,0.1823
2023-03-15 00:00:00,19:00,0.19911
2023-03-15 00:00:00,20:00,0.16534
2023-03-15 00:00:00,21:00,0.14736
2023-03-15 00:00:00,22:00,0.13935
2023-03-15 00:00:00,23:00,0.12763
2023-03-14 00:00:00,00:00,0.00957
2023-03-14 00:00:00,01:00,0.00448
2023-03-14 00:00:00,02:00,0.00404
2023-03-14 00:00:00,03:00,0.00195
2023-03-14 00:00:00,04:00,0.00364
2023-03-14 00:00:00,05:00,0.0098
2023-03-14 00:00:00,06:00,0.04293
2023-03-14 00:00:00,07:00,0.09436
2023-03-14 00:00:00,08:00,0.10011
2023-03-14 00:00:00,09:00,0.10886
2023-03-14 00:00:00,10:00,0.08283
2023-03-14 00:00:00,11:00,0.06095
2023-03-14 00:00:00,12:00,0.0464799999999999
2023-03-14 00:00:00,13:00,0.05642
2023-03-14 00:00:00,14:00,0.06551
2023-03-14 00:00:00,15:00,0.05982
2023-03-14 00:00:00,16:00,0.07883
2023-03-14 00:00:00,17:00,0.13155
2023-03-14 00:00:00,18:00,0.162
2023-03-14 00:00:00,19:00,0.203
2023-03-14 00:00:00,20:00,0.19945
2023-03-14 00:00:00,21:00,0.1512
2023-03-14 00:00:00,22:00,0.1335
2023-03-14 00:00:00,23:00,0.1446
2023-03-13 00:00:00,00:00,0.04636
2023-03-13 00:00:00,01:00,0.0373299999999999
2023-03-13 00:00:00,02:00,0.0334
2023-03-13 00:00:00,03:00,0.01689
2023-03-13 00:00:00,04:00,0.00751
2023-03-13 00:00:00,05:00,0.01689
2023-03-13 00:00:00,06:00,0.03849
2023-03-13 00:00:00,07:00,0.0777099999999999
2023-03-13 00:00:00,08:00,0.09443
2023-03-13 00:00:00,09:00,0.08997
2023-03-13 00:00:00,10:00,0.0648
2023-03-13 00:00:00,11:00,0.0233299999999999
2023-03-13 00:00:00,12:00,0.00106
2023-03-13 00:00:00,13:00,-0.00098
2023-03-13 00:00:00,14:00,-0.00046
2023-03-13 00:00:00,15:00,0.00026
2023-03-13 00:00:00,16:00,0.00903
2023-03-13 00:00:00,17:00,0.05499
2023-03-13 00:00:00,18:00,0.09143
2023-03-13 00:00:00,19:00,0.1
2023-03-13 00:00:00,20:00,0.08353
2023-03-13 00:00:00,21:00,0.07208
2023-03-13 00:00:00,22:00,0.03545
2023-03-13 00:00:00,23:00,0.02332
2023-03-12 00:00:00,00:00,0.12088
2023-03-12 00:00:00,01:00,0.10105
2023-03-12 00:00:00,02:00,0.101
2023-03-12 00:00:00,03:00,0.0902999999999999
2023-03-12 00:00:00,04:00,0.0917
2023-03-12 00:00:00,05:00,0.09198
2023-03-12 00:00:00,06:00,0.0905499999999999
2023-03-12 00:00:00,07:00,0.08878
2023-03-12 00:00:00,08:00,0.09022
2023-03-12 00:00:00,09:00,0.0937099999999999
2023-03-12 00:00:00,10:00,0.09198
2023-03-12 00:00:00,11:00,0.08779
2023-03-12 00:00:00,12:00,0.07973
2023-03-12 00:00:00,13:00,0.06896
2023-03-12 00:00:00,14:00,0.07
2023-03-12 00:00:00,15:00,0.0749
2023-03-12 00:00:00,16:00,0.08505
2023-03-12 00:00:00,17:00,0.10095
2023-03-12 00:00:00,18:00,0.12005
2023-03-12 00:00:00,19:00,0.14104
2023-03-12 00:00:00,20:00,0.12997
2023-03-12 00:00:00,21:00,0.10431
2023-03-12 00:00:00,22:00,0.0949
2023-03-12 00:00:00,23:00,0.08078
2023-03-11 00:00:00,00:00,0.10936
2023-03-11 00:00:00,01:00,0.108
2023-03-11 00:00:00,02:00,0.107
2023-03-11 00:00:00,03:00,0.1090199999999999
2023-03-11 00:00:00,04:00,0.109
2023-03-11 00:00:00,05:00,0.11497
2023-03-11 00:00:00,06:00,0.1461
2023-03-11 00:00:00,07:00,0.14535
2023-03-11 00:00:00,08:00,0.11999
2023-03-11 00:00:00,09:00,0.11044
2023-03-11 00:00:00,10:00,0.09917
2023-03-11 00:00:00,11:00,0.0871
2023-03-11 00:00:00,12:00,0.07866
2023-03-11 00:00:00,13:00,0.06
2023-03-11 00:00:00,14:00,0.06038
2023-03-11 00:00:00,15:00,0.08595
2023-03-11 00:00:00,16:00,0.1080999999999999
2023-03-11 00:00:00,17:00,0.13002
2023-03-11 00:00:00,18:00,0.14495
2023-03-11 00:00:00,19:00,0.19518
2023-03-11 00:00:00,20:00,0.13154
2023-03-11 00:00:00,21:00,0.11996
2023-03-11 00:00:00,22:00,0.12408
2023-03-11 00:00:00,23:00,0.1153
2023-03-10 00:00:00,00:00,0.10289
2023-03-10 00:00:00,01:00,0.10068
2023-03-10 00:00:00,02:00,0.09906
2023-03-10 00:00:00,03:00,0.09884
2023-03-10 00:00:00,04:00,0.09909
2023-03-10 00:00:00,05:00,0.105
2023-03-10 00:00:00,06:00,0.11981
2023-03-10 00:00:00,07:00,0.1369
2023-03-10 00:00:00,08:00,0.14091
2023-03-10 00:00:00,09:00,0.13661
2023-03-10 00:00:00,10:00,0.1318899999999999
2023-03-10 00:00:00,11:00,0.1251
2023-03-10 00:00:00,12:00,0.11641
2023-03-10 00:00:00,13:00,0.11283
2023-03-10 00:00:00,14:00,0.11472
2023-03-10 00:00:00,15:00,0.11222
2023-03-10 00:00:00,16:00,0.1094899999999999
2023-03-10 00:00:00,17:00,0.1289499999999999
2023-03-10 00:00:00,18:00,0.13501
2023-03-10 00:00:00,19:00,0.12897
2023-03-10 00:00:00,20:00,0.11
2023-03-10 00:00:00,21:00,0.1089599999999999
2023-03-10 00:00:00,22:00,0.11
2023-03-10 00:00:00,23:00,0.102
2023-03-09 00:00:00,00:00,0.11366
2023-03-09 00:00:00,01:00,0.11139
2023-03-09 00:00:00,02:00,0.11102
2023-03-09 00:00:00,03:00,0.1093799999999999
2023-03-09 00:00:00,04:00,0.11122
2023-03-09 00:00:00,05:00,0.11302
2023-03-09 00:00:00,06:00,0.1373899999999999
2023-03-09 00:00:00,07:00,0.1498799999999999
2023-03-09 00:00:00,08:00,0.15899
2023-03-09 00:00:00,09:00,0.15095
2023-03-09 00:00:00,10:00,0.14234
2023-03-09 00:00:00,11:00,0.1318
2023-03-09 00:00:00,12:00,0.122
2023-03-09 00:00:00,13:00,0.11644
2023-03-09 00:00:00,14:00,0.11616
2023-03-09 00:00:00,15:00,0.11635
2023-03-09 00:00:00,16:00,0.118
2023-03-09 00:00:00,17:00,0.1354
2023-03-09 00:00:00,18:00,0.14692
2023-03-09 00:00:00,19:00,0.14465
2023-03-09 00:00:00,20:00,0.13456
2023-03-09 00:00:00,21:00,0.12484
2023-03-09 00:00:00,22:00,0.12382
2023-03-09 00:00:00,23:00,0.1097
2023-03-08 00:00:00,00:00,0.11701
2023-03-08 00:00:00,01:00,0.11449
2023-03-08 00:00:00,02:00,0.11433
2023-03-08 00:00:00,03:00,0.111
2023-03-08 00:00:00,04:00,0.111
2023-03-08 00:00:00,05:00,0.11823
2023-03-08 00:00:00,06:00,0.14068
2023-03-08 00:00:00,07:00,0.15853
2023-03-08 00:00:00,08:00,0.1731
2023-03-08 00:00:00,09:00,0.16299
2023-03-08 00:00:00,10:00,0.15299
2023-03-08 00:00:00,11:00,0.14418
2023-03-08 00:00:00,12:00,0.13719
2023-03-08 00:00:00,13:00,0.13508
2023-03-08 00:00:00,14:00,0.13742
2023-03-08 00:00:00,15:00,0.14108
2023-03-08 00:00:00,16:00,0.14447
2023-03-08 00:00:00,17:00,0.1530099999999999
2023-03-08 00:00:00,18:00,0.1668899999999999
2023-03-08 00:00:00,19:00,0.17002
2023-03-08 00:00:00,20:00,0.15377
2023-03-08 00:00:00,21:00,0.1343899999999999
2023-03-08 00:00:00,22:00,0.12865
2023-03-08 00:00:00,23:00,0.119
2023-03-07 00:00:00,00:00,0.1001
2023-03-07 00:00:00,01:00,0.10449
2023-03-07 00:00:00,02:00,0.1
2023-03-07 00:00:00,03:00,0.0999
2023-03-07 00:00:00,04:00,0.1090999999999999
2023-03-07 00:00:00,05:00,0.09887
2023-03-07 00:00:00,06:00,0.1055
2023-03-07 00:00:00,07:00,0.1100999999999999
2023-03-07 00:00:00,08:00,0.1299
2023-03-07 00:00:00,09:00,0.17476
2023-03-07 00:00:00,10:00,0.15324
2023-03-07 00:00:00,11:00,0.132
2023-03-07 00:00:00,12:00,0.1099
2023-03-07 00:00:00,13:00,0.11
2023-03-07 00:00:00,14:00,0.106
2023-03-07 00:00:00,15:00,0.10382
2023-03-07 00:00:00,16:00,0.11127
2023-03-07 00:00:00,17:00,0.14422
2023-03-07 00:00:00,18:00,0.1659
2023-03-07 00:00:00,19:00,0.14391
2023-03-07 00:00:00,20:00,0.15502
2023-03-07 00:00:00,21:00,0.13913
2023-03-07 00:00:00,22:00,0.12789
2023-03-07 00:00:00,23:00,0.12114
2023-03-06 00:00:00,00:00,0.1345
2023-03-06 00:00:00,01:00,0.12244
2023-03-06 00:00:00,02:00,0.11996
2023-03-06 00:00:00,03:00,0.12111
2023-03-06 00:00:00,04:00,0.1224099999999999
2023-03-06 00:00:00,05:00,0.13559
2023-03-06 00:00:00,06:00,0.1598
2023-03-06 00:00:00,07:00,0.185
2023-03-06 00:00:00,08:00,0.21709
2023-03-06 00:00:00,09:00,0.18635
2023-03-06 00:00:00,10:00,0.17026
2023-03-06 00:00:00,11:00,0.16084
2023-03-06 00:00:00,12:00,0.1499
2023-03-06 00:00:00,13:00,0.14493
2023-03-06 00:00:00,14:00,0.12
2023-03-06 00:00:00,15:00,0.11612
2023-03-06 00:00:00,16:00,0.10764
2023-03-06 00:00:00,17:00,0.135
2023-03-06 00:00:00,18:00,0.16
2023-03-06 00:00:00,19:00,0.1503
2023-03-06 00:00:00,20:00,0.12
2023-03-06 00:00:00,21:00,0.11572
2023-03-06 00:00:00,22:00,0.12
2023-03-06 00:00:00,23:00,0.11493
2023-03-05 00:00:00,00:00,0.1199
2023-03-05 00:00:00,01:00,0.1084
2023-03-05 00:00:00,02:00,0.11
2023-03-05 00:00:00,03:00,0.10743
2023-03-05 00:00:00,04:00,0.10654
2023-03-05 00:00:00,05:00,0.10653
2023-03-05 00:00:00,06:00,0.1085
2023-03-05 00:00:00,07:00,0.10928
2023-03-05 00:00:00,08:00,0.11622
2023-03-05 00:00:00,09:00,0.1199399999999999
2023-03-05 00:00:00,10:00,0.11
2023-03-05 00:00:00,11:00,0.1075499999999999
2023-03-05 00:00:00,12:00,0.10735
2023-03-05 00:00:00,13:00,0.10862
2023-03-05 00:00:00,14:00,0.1097
2023-03-05 00:00:00,15:00,0.11155
2023-03-05 00:00:00,16:00,0.12012
2023-03-05 00:00:00,17:00,0.14514
2023-03-05 00:00:00,18:00,0.1666699999999999
2023-03-05 00:00:00,19:00,0.1701399999999999
2023-03-05 00:00:00,20:00,0.15255
2023-03-05 00:00:00,21:00,0.14978
2023-03-05 00:00:00,22:00,0.1415
2023-03-05 00:00:00,23:00,0.12548
2023-03-04 00:00:00,00:00,0.1160699999999999
2023-03-04 00:00:00,01:00,0.1239099999999999
2023-03-04 00:00:00,02:00,0.12658
2023-03-04 00:00:00,03:00,0.12593
2023-03-04 00:00:00,04:00,0.128
2023-03-04 00:00:00,05:00,0.10019
2023-03-04 00:00:00,06:00,0.1157
2023-03-04 00:00:00,07:00,0.1120999999999999
2023-03-04 00:00:00,08:00,0.12
2023-03-04 00:00:00,09:00,0.1201
2023-03-04 00:00:00,10:00,0.134
2023-03-04 00:00:00,11:00,0.1199
2023-03-04 00:00:00,12:00,0.117
2023-03-04 00:00:00,13:00,0.111
2023-03-04 00:00:00,14:00,0.10595
2023-03-04 00:00:00,15:00,0.1085999999999999
2023-03-04 00:00:00,16:00,0.1115999999999999
2023-03-04 00:00:00,17:00,0.14
2023-03-04 00:00:00,18:00,0.15965
2023-03-04 00:00:00,19:00,0.1514
2023-03-04 00:00:00,20:00,0.1314
2023-03-04 00:00:00,21:00,0.13996
2023-03-04 00:00:00,22:00,0.13147
2023-03-04 00:00:00,23:00,0.11383
2023-03-03 00:00:00,00:00,0.13931
2023-03-03 00:00:00,01:00,0.12802
2023-03-03 00:00:00,02:00,0.12879
2023-03-03 00:00:00,03:00,0.1099
2023-03-03 00:00:00,04:00,0.1104
2023-03-03 00:00:00,05:00,0.12221
2023-03-03 00:00:00,06:00,0.16219
2023-03-03 00:00:00,07:00,0.18703
2023-03-03 00:00:00,08:00,0.1982
2023-03-03 00:00:00,09:00,0.1636699999999999
2023-03-03 00:00:00,10:00,0.13112
2023-03-03 00:00:00,11:00,0.13
2023-03-03 00:00:00,12:00,0.11258
2023-03-03 00:00:00,13:00,0.11269
2023-03-03 00:00:00,14:00,0.11464
2023-03-03 00:00:00,15:00,0.10783
2023-03-03 00:00:00,16:00,0.132
2023-03-03 00:00:00,17:00,0.15599
2023-03-03 00:00:00,18:00,0.165
2023-03-03 00:00:00,19:00,0.132
2023-03-03 00:00:00,20:00,0.12672
2023-03-03 00:00:00,21:00,0.12625
2023-03-03 00:00:00,22:00,0.12168
2023-03-03 00:00:00,23:00,0.1145
2023-03-02 00:00:00,00:00,0.11179
2023-03-02 00:00:00,01:00,0.1110999999999999
2023-03-02 00:00:00,02:00,0.114
2023-03-02 00:00:00,03:00,0.1301
2023-03-02 00:00:00,04:00,0.12
2023-03-02 00:00:00,05:00,0.126
2023-03-02 00:00:00,06:00,0.146
2023-03-02 00:00:00,07:00,0.17869
2023-03-02 00:00:00,08:00,0.18956
2023-03-02 00:00:00,09:00,0.14144
2023-03-02 00:00:00,10:00,0.1071
2023-03-02 00:00:00,11:00,0.1164
2023-03-02 00:00:00,12:00,0.10506
2023-03-02 00:00:00,13:00,0.10205
2023-03-02 00:00:00,14:00,0.09483
2023-03-02 00:00:00,15:00,0.11605
2023-03-02 00:00:00,16:00,0.12
2023-03-02 00:00:00,17:00,0.16581
2023-03-02 00:00:00,18:00,0.1845
2023-03-02 00:00:00,19:00,0.15944
2023-03-02 00:00:00,20:00,0.15208
2023-03-02 00:00:00,21:00,0.15756
2023-03-02 00:00:00,22:00,0.1449099999999999
2023-03-02 00:00:00,23:00,0.1399
2023-03-01 00:00:00,00:00,0.12523
2023-03-01 00:00:00,01:00,0.1199
2023-03-01 00:00:00,02:00,0.1249599999999999
2023-03-01 00:00:00,03:00,0.11631
2023-03-01 00:00:00,04:00,0.13
2023-03-01 00:00:00,05:00,0.136
2023-03-01 00:00:00,06:00,0.16
2023-03-01 00:00:00,07:00,0.18071
2023-03-01 00:00:00,08:00,0.18603
2023-03-01 00:00:00,09:00,0.1529
2023-03-01 00:00:00,10:00,0.1166
2023-03-01 00:00:00,11:00,0.1166
2023-03-01 00:00:00,12:00,0.1139599999999999
2023-03-01 00:00:00,13:00,0.10772
2023-03-01 00:00:00,14:00,0.108
2023-03-01 00:00:00,15:00,0.11986
2023-03-01 00:00:00,16:00,0.12758
2023-03-01 00:00:00,17:00,0.14432
2023-03-01 00:00:00,18:00,0.18218
2023-03-01 00:00:00,19:00,0.1764399999999999
2023-03-01 00:00:00,20:00,0.15384
2023-03-01 00:00:00,21:00,0.14065
2023-03-01 00:00:00,22:00,0.13
2023-03-01 00:00:00,23:00,0.1255
2023-02-28 00:00:00,00:00,0.134
2023-02-28 00:00:00,01:00,0.1248199999999999
2023-02-28 00:00:00,02:00,0.12383
2023-02-28 00:00:00,03:00,0.12459
2023-02-28 00:00:00,04:00,0.1201
2023-02-28 00:00:00,05:00,0.129
2023-02-28 00:00:00,06:00,0.16194
2023-02-28 00:00:00,07:00,0.1776
2023-02-28 00:00:00,08:00,0.18928
2023-02-28 00:00:00,09:00,0.163
2023-02-28 00:00:00,10:00,0.12093
2023-02-28 00:00:00,11:00,0.11797
2023-02-28 00:00:00,12:00,0.11671
2023-02-28 00:00:00,13:00,0.11633
2023-02-28 00:00:00,14:00,0.11675
2023-02-28 00:00:00,15:00,0.13
2023-02-28 00:00:00,16:00,0.132
2023-02-28 00:00:00,17:00,0.17313
2023-02-28 00:00:00,18:00,0.19387
2023-02-28 00:00:00,19:00,0.19246
2023-02-28 00:00:00,20:00,0.17473
2023-02-28 00:00:00,21:00,0.15388
2023-02-28 00:00:00,22:00,0.15049
2023-02-28 00:00:00,23:00,0.1299
2023-02-27 00:00:00,00:00,0.12283
2023-02-27 00:00:00,01:00,0.133
2023-02-27 00:00:00,02:00,0.1329199999999999
2023-02-27 00:00:00,03:00,0.12503
2023-02-27 00:00:00,04:00,0.12007
2023-02-27 00:00:00,05:00,0.13983
2023-02-27 00:00:00,06:00,0.1523
2023-02-27 00:00:00,07:00,0.18666
2023-02-27 00:00:00,08:00,0.19025
2023-02-27 00:00:00,09:00,0.16994
2023-02-27 00:00:00,10:00,0.1280099999999999
2023-02-27 00:00:00,11:00,0.1099899999999999
2023-02-27 00:00:00,12:00,0.11
2023-02-27 00:00:00,13:00,0.10101
2023-02-27 00:00:00,14:00,0.10464
2023-02-27 00:00:00,15:00,0.1
2023-02-27 00:00:00,16:00,0.11636
2023-02-27 00:00:00,17:00,0.13165
2023-02-27 00:00:00,18:00,0.188
2023-02-27 00:00:00,19:00,0.1745
2023-02-27 00:00:00,20:00,0.17449
2023-02-27 00:00:00,21:00,0.1603
2023-02-27 00:00:00,22:00,0.15346
2023-02-27 00:00:00,23:00,0.14946
26-02-2023,00:00,0.1401
26-02-2023,01:00,0.1162
26-02-2023,02:00,0.1199
26-02-2023,03:00,0.10778
26-02-2023,04:00,0.10826000000000001
26-02-2023,05:00,0.1057
26-02-2023,06:00,0.10704000000000001
26-02-2023,07:00,0.10990000000000001
26-02-2023,08:00,0.11527
26-02-2023,09:00,0.11392000000000001
26-02-2023,10:00,0.0969
26-02-2023,11:00,0.09233
26-02-2023,12:00,0.08414
26-02-2023,13:00,0.054630000000000005
26-02-2023,14:00,0.0549
26-02-2023,15:00,0.085
26-02-2023,16:00,0.09892000000000001
26-02-2023,17:00,0.12990000000000002
26-02-2023,18:00,0.15369999999999998
26-02-2023,19:00,0.15691
26-02-2023,20:00,0.15364
26-02-2023,21:00,0.14164
26-02-2023,22:00,0.13829
26-02-2023,23:00,0.13298
25-02-2023,00:00,0.11502
25-02-2023,01:00,0.10690999999999999
25-02-2023,02:00,0.10314
25-02-2023,03:00,0.09703
25-02-2023,04:00,0.087
25-02-2023,05:00,0.09541
25-02-2023,06:00,0.1001
25-02-2023,07:00,0.0953
25-02-2023,08:00,0.1199
25-02-2023,09:00,0.10507
25-02-2023,10:00,0.07440000000000001
25-02-2023,11:00,0.0549
25-02-2023,12:00,0.04735
25-02-2023,13:00,0.03505
25-02-2023,14:00,0.05235
25-02-2023,15:00,0.0849
25-02-2023,16:00,0.09390000000000001
25-02-2023,17:00,0.1248
25-02-2023,18:00,0.172
25-02-2023,19:00,0.1866
25-02-2023,20:00,0.17
25-02-2023,21:00,0.16691999999999999
25-02-2023,22:00,0.1492
25-02-2023,23:00,0.1256
24-02-2023,00:00,0.13365000000000002
24-02-2023,01:00,0.153
24-02-2023,02:00,0.1258
24-02-2023,03:00,0.12896000000000002
24-02-2023,04:00,0.11755
24-02-2023,05:00,0.11062000000000001
24-02-2023,06:00,0.12
24-02-2023,07:00,0.144
24-02-2023,08:00,0.171
24-02-2023,09:00,0.1686
24-02-2023,10:00,0.15009999999999998
24-02-2023,11:00,0.13574
24-02-2023,12:00,0.12596
24-02-2023,13:00,0.12
24-02-2023,14:00,0.10864
24-02-2023,15:00,0.10990000000000001
24-02-2023,16:00,0.11320000000000001
24-02-2023,17:00,0.12486
24-02-2023,18:00,0.15009999999999998
24-02-2023,19:00,0.1151
24-02-2023,20:00,0.12990000000000002
24-02-2023,21:00,0.10491
24-02-2023,22:00,0.10746
24-02-2023,23:00,0.08395
23-02-2023,00:00,0.13466999999999998
23-02-2023,01:00,0.13138999999999998
23-02-2023,02:00,0.12899000000000002
23-02-2023,03:00,0.12478
23-02-2023,04:00,0.12518
23-02-2023,05:00,0.12993000000000002
23-02-2023,06:00,0.15397999999999998
23-02-2023,07:00,0.17
23-02-2023,08:00,0.17806
23-02-2023,09:00,0.16396
23-02-2023,10:00,0.1399
23-02-2023,11:00,0.13
23-02-2023,12:00,0.13175
23-02-2023,13:00,0.12423000000000001
23-02-2023,14:00,0.12897
23-02-2023,15:00,0.118
23-02-2023,16:00,0.12755
23-02-2023,17:00,0.15189
23-02-2023,18:00,0.16522
23-02-2023,19:00,0.165
23-02-2023,20:00,0.1499
23-02-2023,21:00,0.15114
23-02-2023,22:00,0.1415
23-02-2023,23:00,0.13294
22-02-2023,00:00,0.1399
22-02-2023,01:00,0.1252
22-02-2023,02:00,0.1253
22-02-2023,03:00,0.11728
22-02-2023,04:00,0.11731
22-02-2023,05:00,0.1164
22-02-2023,06:00,0.148
22-02-2023,07:00,0.17313
22-02-2023,08:00,0.17634
22-02-2023,09:00,0.16455
22-02-2023,10:00,0.15124
22-02-2023,11:00,0.12395999999999999
22-02-2023,12:00,0.11867
22-02-2023,13:00,0.126
22-02-2023,14:00,0.136
22-02-2023,15:00,0.1509
22-02-2023,16:00,0.15694999999999998
22-02-2023,17:00,0.16501
22-02-2023,18:00,0.175
22-02-2023,19:00,0.17273
22-02-2023,20:00,0.16206
22-02-2023,21:00,0.15402000000000002
22-02-2023,22:00,0.14484
22-02-2023,23:00,0.13445
21-02-2023,00:00,0.106
21-02-2023,01:00,0.108
21-02-2023,02:00,0.09323999999999999
21-02-2023,03:00,0.1215
21-02-2023,04:00,0.1083
21-02-2023,05:00,0.0999
21-02-2023,06:00,0.13369999999999999
21-02-2023,07:00,0.14687999999999998
21-02-2023,08:00,0.15208000000000002
21-02-2023,09:00,0.16793
21-02-2023,10:00,0.15
21-02-2023,11:00,0.12852000000000002
21-02-2023,12:00,0.12294
21-02-2023,13:00,0.12016
21-02-2023,14:00,0.12479000000000001
21-02-2023,15:00,0.13056
21-02-2023,16:00,0.14898
21-02-2023,17:00,0.16485
21-02-2023,18:00,0.17812999999999998
21-02-2023,19:00,0.1771
21-02-2023,20:00,0.17
21-02-2023,21:00,0.15880000000000002
21-02-2023,22:00,0.15319999999999998
21-02-2023,23:00,0.14258
20-02-2023,00:00,0.07887000000000001
20-02-2023,01:00,0.0649
20-02-2023,02:00,0.04886
20-02-2023,03:00,0.034
20-02-2023,04:00,0.02913
20-02-2023,05:00,0.03824
20-02-2023,06:00,0.0723
20-02-2023,07:00,0.1
20-02-2023,08:00,0.11
20-02-2023,09:00,0.1119
20-02-2023,10:00,0.10638
20-02-2023,11:00,0.094
20-02-2023,12:00,0.10277
20-02-2023,13:00,0.0849
20-02-2023,14:00,0.099
20-02-2023,15:00,0.109
20-02-2023,16:00,0.0911
20-02-2023,17:00,0.129
20-02-2023,18:00,0.1731
20-02-2023,19:00,0.146
20-02-2023,20:00,0.1484
20-02-2023,21:00,0.13
20-02-2023,22:00,0.1254
20-02-2023,23:00,0.1088
